<?xml version="1.0" encoding="UTF-8"?>
<section name="Workbench">
	<section name="org.eclipse.debug.ui.LAUNCH_CONFIGURATIONS_DIALOG_SECTION">
		<item key="org.eclipse.debug.ui.DIALOG_SASH_WEIGHTS_1" value="237"/>
		<item key="org.eclipse.debug.ui.DIALOG_SASH_WEIGHTS_2" value="762"/>
		<item key="org.eclipse.debug.ui.EXPANDED_NODES" value=", org.eclipse.jst.server.tomcat.core.launchConfigurationType, "/>
		<item key="DIALOG_WIDTH" value="963"/>
		<item key="DIALOG_HEIGHT" value="640"/>
		<item key="DIALOG_FONT_NAME" value="1|メイリオ|9.0|0|WINDOWS|1|-12|0|0|0|400|0|0|0|1|0|0|0|0|メイリオ"/>
	</section>
</section>
